id,club_id,round_id,name
e5f244d5-0887-4051-84b8-de0ca153682d,13b48d48-e5c7-4e3c-8661-4a8c73392797,5d51fc8a-0b22-4a7e-b894-cf2f666beb27,White
5ca8a418-090d-4daa-ad78-3d9d5977675f,13b48d48-e5c7-4e3c-8661-4a8c73392797,5d51fc8a-0b22-4a7e-b894-cf2f666beb27,Red
0920ec5a-ef35-48ea-85b3-79e866cc7df7,13b48d48-e5c7-4e3c-8661-4a8c73392797,5d51fc8a-0b22-4a7e-b894-cf2f666beb27,Yellow
d1eb179c-bda5-4669-8db3-0829b9db06c2,fed0b0c7-d9e8-4ae9-a216-45e19d405ee6,3502a3d8-9715-433d-9e3f-4c06e9cf46ab,White
c2c556c4-7087-4165-870d-70953e182f92,fed0b0c7-d9e8-4ae9-a216-45e19d405ee6,3502a3d8-9715-433d-9e3f-4c06e9cf46ab,Yellow
26715173-bef5-4310-ab87-63bf5b458708,fed0b0c7-d9e8-4ae9-a216-45e19d405ee6,3502a3d8-9715-433d-9e3f-4c06e9cf46ab,Blue
e16f0d24-54a2-4d0a-930a-07bc61559328,fed0b0c7-d9e8-4ae9-a216-45e19d405ee6,3502a3d8-9715-433d-9e3f-4c06e9cf46ab,Red
be6a10d5-8493-42bc-927e-17fba150b09b,13b48d48-e5c7-4e3c-8661-4a8c73392797,07fde5f1-63b2-439e-9c2c-cebc92cd962c,White
a3d6ecb7-d610-45c0-a250-14b428fc7965,13b48d48-e5c7-4e3c-8661-4a8c73392797,07fde5f1-63b2-439e-9c2c-cebc92cd962c,Red
935b94d8-3ef5-42f2-8fdd-24c81fce5353,13b48d48-e5c7-4e3c-8661-4a8c73392797,07fde5f1-63b2-439e-9c2c-cebc92cd962c,Yellow
06381c89-05c4-49ba-9c6c-3d320d3f1ccd,fed0b0c7-d9e8-4ae9-a216-45e19d405ee6,6f06a7f2-77a0-4a5d-a890-4f0a7ed1d6f8,White
f0de8e09-0b3c-43db-957d-a44f845e75fc,fed0b0c7-d9e8-4ae9-a216-45e19d405ee6,6f06a7f2-77a0-4a5d-a890-4f0a7ed1d6f8,Yellow
83b74ddc-3dc7-4f0f-b96c-d1c6479974ee,fed0b0c7-d9e8-4ae9-a216-45e19d405ee6,6f06a7f2-77a0-4a5d-a890-4f0a7ed1d6f8,Blue
fef89c13-5332-4ef7-9b7f-ed9ee8ed419e,fed0b0c7-d9e8-4ae9-a216-45e19d405ee6,6f06a7f2-77a0-4a5d-a890-4f0a7ed1d6f8,Red
1f9f9438-9b5d-473a-b82c-cf506426f3f0,78737794-4ed2-4253-b0c0-d8cc577eb599,f35e9646-4e8e-49f7-a644-7415308f095f,White
099b9338-980c-438c-9a70-8476ec14ddb3,78737794-4ed2-4253-b0c0-d8cc577eb599,f35e9646-4e8e-49f7-a644-7415308f095f,Yellow
8f204ae0-1634-49b4-b966-5acf16ffa5ed,78737794-4ed2-4253-b0c0-d8cc577eb599,f35e9646-4e8e-49f7-a644-7415308f095f,Blue
19df7755-4e44-4e24-ae54-c3afc53f59f2,78737794-4ed2-4253-b0c0-d8cc577eb599,f35e9646-4e8e-49f7-a644-7415308f095f,Red
9cb018c5-ae8a-4574-89bc-d466aba134f5,11627635-5fc7-4880-b8ca-e86ffb7741d8,55b8af31-137b-4c4d-b7dd-2ef73b5b225e,Blue
1c3d39b3-51bd-4c71-a012-619d41344c14,11627635-5fc7-4880-b8ca-e86ffb7741d8,8ac96137-4447-47c6-9053-5f56b5a90e96,Eagle
80a53917-c97c-4eef-b25c-3d08728079b3,11627635-5fc7-4880-b8ca-e86ffb7741d8,8ac96137-4447-47c6-9053-5f56b5a90e96,Falcon
78d7457b-6c25-49cc-942d-ac893c8c1848,11627635-5fc7-4880-b8ca-e86ffb7741d8,8ac96137-4447-47c6-9053-5f56b5a90e96,Partridge
5c64e983-d2a3-4340-9a1c-05bc66213081,11627635-5fc7-4880-b8ca-e86ffb7741d8,8ac96137-4447-47c6-9053-5f56b5a90e96,Sparrow
9fbf0462-76a8-44f6-9895-01016bcfbcd9,11627635-5fc7-4880-b8ca-e86ffb7741d8,8ac96137-4447-47c6-9053-5f56b5a90e96,Red Lory
0dfdc8b3-9d21-42ae-be8a-7c3da67ed2e1,83ced718-6184-4bcb-b66a-63b9326eaef8,6025ebdf-25a5-4689-a170-8119b92515ab,White
154e1d10-d636-4817-81b5-440f88f4bfe8,83ced718-6184-4bcb-b66a-63b9326eaef8,6025ebdf-25a5-4689-a170-8119b92515ab,Blue
f86de61b-20be-4269-b0c5-2c01631b152a,83ced718-6184-4bcb-b66a-63b9326eaef8,6025ebdf-25a5-4689-a170-8119b92515ab,Yellow
b69ad631-50db-46cf-b7bc-26249836d290,83ced718-6184-4bcb-b66a-63b9326eaef8,6025ebdf-25a5-4689-a170-8119b92515ab,Red
6c1ea4dc-722e-45b3-824a-05c22df7711f,b1396635-a267-49ab-ada1-82fb92742717,5c98b612-a38a-4ede-8bb9-5fa1634ec70a,Tee
0479c0b0-c461-4a28-8a34-4be2c6c246a2,b1396635-a267-49ab-ada1-82fb92742717,5c98b612-a38a-4ede-8bb9-5fa1634ec70a,Yellow
7721353f-ff8d-4664-a83c-946e426b1f32,b1396635-a267-49ab-ada1-82fb92742717,5c98b612-a38a-4ede-8bb9-5fa1634ec70a,Blue
24b34efd-42c4-4ce9-9703-304e5e8beda1,b1396635-a267-49ab-ada1-82fb92742717,5c98b612-a38a-4ede-8bb9-5fa1634ec70a,Red
3c383979-c5c3-49c3-ab56-c2f35e79d90b,f421c9ec-0c35-48d5-9a93-01a606caffcf,999e53d8-03e9-42f2-af3c-14564ede498b,White
f5aec1ad-4b05-4b27-b5cf-0e6b13bf2de7,f421c9ec-0c35-48d5-9a93-01a606caffcf,999e53d8-03e9-42f2-af3c-14564ede498b,Yellow
092dea70-2f52-4949-9996-ffbbd7248a03,f421c9ec-0c35-48d5-9a93-01a606caffcf,999e53d8-03e9-42f2-af3c-14564ede498b,Blue
5e52b7c3-555d-4159-a904-d04355aa8ecd,f421c9ec-0c35-48d5-9a93-01a606caffcf,999e53d8-03e9-42f2-af3c-14564ede498b,Red
d7bbc764-ca2d-4055-aec4-79e6670b7b93,f421c9ec-0c35-48d5-9a93-01a606caffcf,999e53d8-03e9-42f2-af3c-14564ede498b,Short Red
c50fc567-4216-45a3-a3ed-1b57cb253589,9a6651e9-9aa6-460c-ab81-c9d6beae237a,10f4aa9b-e4a8-492c-a50b-3331e1e00089,Yellow
fea348c3-b4a4-4b12-a646-becf29c2f1e3,9a6651e9-9aa6-460c-ab81-c9d6beae237a,10f4aa9b-e4a8-492c-a50b-3331e1e00089,Red
471c3225-83ba-42ea-88a8-841e0484c118,9a6651e9-9aa6-460c-ab81-c9d6beae237a,ac08304f-f883-4d52-bad2-8b2a3e1df4a0,White
fe3a5bac-8658-4d5a-b84c-be9192fcc33e,9a6651e9-9aa6-460c-ab81-c9d6beae237a,ac08304f-f883-4d52-bad2-8b2a3e1df4a0,Yellow
e2d4c5b7-96a9-460e-8fd8-6c36f86f49d5,9a6651e9-9aa6-460c-ab81-c9d6beae237a,ac08304f-f883-4d52-bad2-8b2a3e1df4a0,Blue
25fc9a69-0fef-4d0b-b157-767748513114,9a6651e9-9aa6-460c-ab81-c9d6beae237a,ac08304f-f883-4d52-bad2-8b2a3e1df4a0,Red
ed0c8fa1-d350-49a2-8f78-e156da1a118a,2f463702-f0d1-4f76-a293-1aa18eeaee6d,0cf757d9-a7c3-4fc2-b399-70f5deb548e9,White
a3076e07-057a-4002-8dcb-63572fb1de05,2f463702-f0d1-4f76-a293-1aa18eeaee6d,0cf757d9-a7c3-4fc2-b399-70f5deb548e9,Yellow
916b7551-1507-4406-a6d4-ce6c59b49179,2f463702-f0d1-4f76-a293-1aa18eeaee6d,0cf757d9-a7c3-4fc2-b399-70f5deb548e9,blue
7a8ebfdc-e573-49fa-81fa-18fedfcceebd,2f463702-f0d1-4f76-a293-1aa18eeaee6d,0cf757d9-a7c3-4fc2-b399-70f5deb548e9,red
0d0c85a7-a907-4f0f-a686-415409f726c7,968749e4-44d7-4a76-8f20-f63b87c8347c,8fd18dca-1a1d-47fe-9cd6-c1e6e88d9b26,White
1dbc4db1-5aa6-4fba-9b7d-9cc86cbb424a,968749e4-44d7-4a76-8f20-f63b87c8347c,8fd18dca-1a1d-47fe-9cd6-c1e6e88d9b26,Black
e061e1f8-cb19-481a-8b65-6c3d203e46b2,968749e4-44d7-4a76-8f20-f63b87c8347c,8fd18dca-1a1d-47fe-9cd6-c1e6e88d9b26,Yellow
91f7f649-a8fb-4240-aadf-a774ae0842b5,968749e4-44d7-4a76-8f20-f63b87c8347c,8fd18dca-1a1d-47fe-9cd6-c1e6e88d9b26,Blue
0361c396-780f-452f-963c-590f17e7340c,968749e4-44d7-4a76-8f20-f63b87c8347c,8fd18dca-1a1d-47fe-9cd6-c1e6e88d9b26,Red
ec13f992-5bc7-4c7c-a602-70e5eeac9125,858c0aec-3c5d-49ba-97d1-3d2e458e5c3a,0c9dc3e6-c274-4aa3-851f-559aa53e31b2,White
1727afc8-f1f5-4868-81ea-a4b74fe48b12,858c0aec-3c5d-49ba-97d1-3d2e458e5c3a,0c9dc3e6-c274-4aa3-851f-559aa53e31b2,Yellow
40a681f0-ad3b-4e60-aa8b-599846577c57,858c0aec-3c5d-49ba-97d1-3d2e458e5c3a,0c9dc3e6-c274-4aa3-851f-559aa53e31b2,Blue
60065bb8-2510-44a7-a2c4-0cab72504b53,858c0aec-3c5d-49ba-97d1-3d2e458e5c3a,0c9dc3e6-c274-4aa3-851f-559aa53e31b2,Red
23494fde-c222-42d6-b88a-feeaa4ed935b,9b95d42b-0f8a-41ff-adc7-eb7765b0b8f4,cd4d588f-fd53-4399-aa9d-b15784dd70f6,Black
3a8d41bf-c835-4b4d-9ed9-5a46b3209de6,9b95d42b-0f8a-41ff-adc7-eb7765b0b8f4,cd4d588f-fd53-4399-aa9d-b15784dd70f6,White
f94541ca-5ac3-49ec-ad7c-dc75482a310c,9b95d42b-0f8a-41ff-adc7-eb7765b0b8f4,cd4d588f-fd53-4399-aa9d-b15784dd70f6,Yellow
65765d75-3545-4e13-b4fe-4be8ea55c9de,9b95d42b-0f8a-41ff-adc7-eb7765b0b8f4,cd4d588f-fd53-4399-aa9d-b15784dd70f6,Blue
65821d3d-639e-473d-af80-bb1cc990db0b,9b95d42b-0f8a-41ff-adc7-eb7765b0b8f4,cd4d588f-fd53-4399-aa9d-b15784dd70f6,Red
f4f13447-84a2-4012-a9f3-9a0ef9951e56,675004f1-d448-4664-8d62-065a3cf8586d,2b89fc6a-10ad-4308-a417-6c996c75ea6e,White
f55d171a-1979-44b0-8730-f9954426a398,675004f1-d448-4664-8d62-065a3cf8586d,2b89fc6a-10ad-4308-a417-6c996c75ea6e,Yellow
e6cb2da0-df47-4b7c-8bac-38dd549dd309,675004f1-d448-4664-8d62-065a3cf8586d,2b89fc6a-10ad-4308-a417-6c996c75ea6e,Blue
2ef87b73-b575-4f6b-8faf-a41a4d6844d5,675004f1-d448-4664-8d62-065a3cf8586d,2b89fc6a-10ad-4308-a417-6c996c75ea6e,Red
bbfb87ad-59ec-4f6a-8dd0-6e7f3ba1933d,675004f1-d448-4664-8d62-065a3cf8586d,467b3f86-6405-420e-9649-c9dc0721db4e,White
a0018b12-70ea-4119-9699-34f4dc2b5dcf,675004f1-d448-4664-8d62-065a3cf8586d,467b3f86-6405-420e-9649-c9dc0721db4e,Yellow
b63008d5-4e7a-41a2-b36c-a1b090e8d6e2,675004f1-d448-4664-8d62-065a3cf8586d,467b3f86-6405-420e-9649-c9dc0721db4e,Blue
6396a11a-ff7a-4776-a94a-72857aa1ccf8,675004f1-d448-4664-8d62-065a3cf8586d,467b3f86-6405-420e-9649-c9dc0721db4e,Red
c542c80a-1e98-4f5d-bb4b-0caddacd5ba1,675004f1-d448-4664-8d62-065a3cf8586d,9f5f3878-a169-49e2-b5a8-a0018a24ae7d,White
7b070109-f417-4e75-bc1d-fdfe40c9b7ae,675004f1-d448-4664-8d62-065a3cf8586d,9f5f3878-a169-49e2-b5a8-a0018a24ae7d,Yellow
76c3ad71-6316-4353-b039-9cc8f1dac809,675004f1-d448-4664-8d62-065a3cf8586d,9f5f3878-a169-49e2-b5a8-a0018a24ae7d,Blue
693f1516-6eb2-45f1-94ce-728502d778e0,675004f1-d448-4664-8d62-065a3cf8586d,9f5f3878-a169-49e2-b5a8-a0018a24ae7d,Red
bb5816ce-fc56-4223-a3e2-f5ce52172460,675004f1-d448-4664-8d62-065a3cf8586d,8cd273cc-1765-4ea7-bd3b-fec37f278d26,White
1af88d01-701c-4e00-840e-16ed9675ea7d,675004f1-d448-4664-8d62-065a3cf8586d,8cd273cc-1765-4ea7-bd3b-fec37f278d26,Yellow
955f8cb9-2ee3-4703-8a44-3fc050025042,675004f1-d448-4664-8d62-065a3cf8586d,8cd273cc-1765-4ea7-bd3b-fec37f278d26,Blue
f405bd1d-c1a7-479d-ac9c-d5b759a38648,675004f1-d448-4664-8d62-065a3cf8586d,8cd273cc-1765-4ea7-bd3b-fec37f278d26,Red
2ad94faa-8be1-49dc-901b-36748e73b7cd,675004f1-d448-4664-8d62-065a3cf8586d,8c789882-226f-4b3e-a25d-6cd8bc46689a,White
ce8b6071-0df1-4dea-958e-4b74818dfc1f,675004f1-d448-4664-8d62-065a3cf8586d,8c789882-226f-4b3e-a25d-6cd8bc46689a,Yellow
895caa8e-4b05-48b0-bff7-72a089aa6216,675004f1-d448-4664-8d62-065a3cf8586d,8c789882-226f-4b3e-a25d-6cd8bc46689a,Blue
a4137428-e770-47eb-b9b6-36b41a1cb0de,675004f1-d448-4664-8d62-065a3cf8586d,8c789882-226f-4b3e-a25d-6cd8bc46689a,Red
444434af-219a-4449-8a5f-53549d9077b3,675004f1-d448-4664-8d62-065a3cf8586d,64b7e56f-dafb-4d9d-bf94-2ca4337b88cc,White
f2eacfe5-3a62-4a29-bf23-c0456f930076,675004f1-d448-4664-8d62-065a3cf8586d,64b7e56f-dafb-4d9d-bf94-2ca4337b88cc,Yellow
f0fe7559-4dcc-4b26-a50a-711b0c513b6e,675004f1-d448-4664-8d62-065a3cf8586d,64b7e56f-dafb-4d9d-bf94-2ca4337b88cc,Blue
e3aa897a-100b-432d-a724-b37ef567c4ca,675004f1-d448-4664-8d62-065a3cf8586d,64b7e56f-dafb-4d9d-bf94-2ca4337b88cc,Red
12e02405-2f43-4db5-9f3a-da6bf8e61cee,0dad6cd7-905b-443f-b82f-bddba4f37178,95c439a0-7a2e-4da5-9b5f-284cfe0dac6d,White
d92bbce9-8cc5-4985-813d-7683a976fa9c,0dad6cd7-905b-443f-b82f-bddba4f37178,95c439a0-7a2e-4da5-9b5f-284cfe0dac6d,Yellow
b8ad9776-f298-47f7-a98f-201f02e20065,0dad6cd7-905b-443f-b82f-bddba4f37178,95c439a0-7a2e-4da5-9b5f-284cfe0dac6d,Blue
7ccc4838-392c-4494-8f8d-f70f51361409,0dad6cd7-905b-443f-b82f-bddba4f37178,95c439a0-7a2e-4da5-9b5f-284cfe0dac6d,Red
5f935762-a64a-478d-8b3b-294fde16828c,0dad6cd7-905b-443f-b82f-bddba4f37178,95c439a0-7a2e-4da5-9b5f-284cfe0dac6d,Orange
3e3062a6-5196-44cc-b519-5f971587647c,02fd8aa1-065f-4c7c-aa9c-93d2e7050084,2d521916-ed66-4b7a-9631-ce8c4a4a14a1,White
230daf02-3d2c-406e-9e5e-c9db7e5f3ba1,02fd8aa1-065f-4c7c-aa9c-93d2e7050084,2d521916-ed66-4b7a-9631-ce8c4a4a14a1,Yellow
1b16f9b4-f358-49d5-95db-46999801f20b,02fd8aa1-065f-4c7c-aa9c-93d2e7050084,2d521916-ed66-4b7a-9631-ce8c4a4a14a1,Blue
db13e804-57e3-4b70-9673-55fbb8619052,02fd8aa1-065f-4c7c-aa9c-93d2e7050084,2d521916-ed66-4b7a-9631-ce8c4a4a14a1,Red
0224c5ce-1303-4270-a9ff-d7a3d731758e,64f589d6-13e4-4efc-a702-f62306bb4ff8,800df9c3-345a-40f4-b8d4-f8a9d36639c7,Yellow
665d803e-f8cc-4893-88dd-559f0aee776b,64f589d6-13e4-4efc-a702-f62306bb4ff8,800df9c3-345a-40f4-b8d4-f8a9d36639c7,Red
71226867-5eff-47e0-92d4-767292cf878c,4497edeb-d16a-4d57-a61f-2fbcc25f33cd,18d95267-a4d8-442f-a2d7-c8029e9733fe,White
a191d5ac-826b-4986-acb5-c0ecb8f3d734,4497edeb-d16a-4d57-a61f-2fbcc25f33cd,18d95267-a4d8-442f-a2d7-c8029e9733fe,Yellow
22a7df18-3f04-443b-8339-53764a81adb9,4497edeb-d16a-4d57-a61f-2fbcc25f33cd,18d95267-a4d8-442f-a2d7-c8029e9733fe,Red
b2e1b728-a3ba-4d4c-bf45-129e863a15ca,4497edeb-d16a-4d57-a61f-2fbcc25f33cd,d77d1336-355e-4d80-9d0b-e2d099a47bdf,GREEN
bea0a845-6da9-41a2-afd6-532a49c1e1fe,4497edeb-d16a-4d57-a61f-2fbcc25f33cd,d77d1336-355e-4d80-9d0b-e2d099a47bdf,
7fe7a1f7-69f7-41d1-b6cc-775f30be1931,ec64e71a-cbdc-4ad2-b067-545d61da3bfa,356a82b4-7ec6-4132-a12a-c3e2a2eed4c4,White
9e88d5a7-5a83-4985-8798-9d638fb33e34,ec64e71a-cbdc-4ad2-b067-545d61da3bfa,356a82b4-7ec6-4132-a12a-c3e2a2eed4c4,Yellow
8a607969-37f3-4f99-b818-4c9ce288869e,ec64e71a-cbdc-4ad2-b067-545d61da3bfa,356a82b4-7ec6-4132-a12a-c3e2a2eed4c4,Blue
214900a7-58b6-4936-8174-424193ba2fc5,ec64e71a-cbdc-4ad2-b067-545d61da3bfa,356a82b4-7ec6-4132-a12a-c3e2a2eed4c4,Red
6f039b49-fcb6-4b3f-a0e1-6abb41bc0df7,ec64e71a-cbdc-4ad2-b067-545d61da3bfa,36d3fa74-bfcd-40f0-ad12-de7d7bfddebc,Green
2b0734d7-339d-4679-a583-623b2a9a5510,caaffd12-3c94-430c-9deb-d12092896087,9d4bcb8c-915c-43ea-b199-30b5f5abc67c,White
fa020324-d741-41bd-88c2-a4d21546e35b,caaffd12-3c94-430c-9deb-d12092896087,9d4bcb8c-915c-43ea-b199-30b5f5abc67c,Yellow
7f90fb2b-a539-4191-bc5e-7f787c59e1bf,caaffd12-3c94-430c-9deb-d12092896087,9d4bcb8c-915c-43ea-b199-30b5f5abc67c,Blue
0062cbf2-db5f-4a7e-9808-156f27de55b8,caaffd12-3c94-430c-9deb-d12092896087,9d4bcb8c-915c-43ea-b199-30b5f5abc67c,Red
17f30ec0-6a40-4856-b91d-41e77ad0391d,46a24713-46fb-478d-89a4-0364d83fe9dc,6b3924c4-c8d4-4354-af34-a8c70ce03c0e,Dorado
77a89dd0-d67c-4133-803a-c40adc89111d,46a24713-46fb-478d-89a4-0364d83fe9dc,6b3924c4-c8d4-4354-af34-a8c70ce03c0e,Blanco
6086f314-01c6-453d-9d1c-c054e0d66e82,46a24713-46fb-478d-89a4-0364d83fe9dc,6b3924c4-c8d4-4354-af34-a8c70ce03c0e,Amarillo
fd31db4c-244c-4f24-8521-cc8b4406c17e,46a24713-46fb-478d-89a4-0364d83fe9dc,6b3924c4-c8d4-4354-af34-a8c70ce03c0e,Azul
fa293f31-e1e2-40aa-a106-f179024f9293,46a24713-46fb-478d-89a4-0364d83fe9dc,6b3924c4-c8d4-4354-af34-a8c70ce03c0e,Rojo
17a0adee-baad-4b38-bbb0-78c7bccba4f6,b1ccbfc7-1f82-4a33-bedf-d54a3fee98eb,d8f48a9d-d5cd-49af-b124-0856c2c1cdfa,Yellow
da6cf771-dead-419c-a6b5-08f04077c914,b1ccbfc7-1f82-4a33-bedf-d54a3fee98eb,d8f48a9d-d5cd-49af-b124-0856c2c1cdfa,Black
113ab86f-d816-49d7-8d00-5174cc40e90f,cb6d11d7-1ff3-4919-887c-d709501ef65f,5759b501-1b0b-4596-8c97-14be8da5ccc7,Yellow
d9c744a8-d67b-4528-a71c-603459b54771,d1d5f718-206d-433d-b62c-e37f0d82d87a,ee65fdcd-2ff0-4024-ba80-0d4eb4cdf869,Yellow
cc1c34a0-beae-47c2-9ee9-b5e7e4527ff3,d1d5f718-206d-433d-b62c-e37f0d82d87a,ee65fdcd-2ff0-4024-ba80-0d4eb4cdf869,Blue
200759e4-100b-4011-b98e-5a3248e92a7a,d1d5f718-206d-433d-b62c-e37f0d82d87a,ee65fdcd-2ff0-4024-ba80-0d4eb4cdf869,Red
3880faaa-cf62-4179-9459-4054b8a330a0,d1d5f718-206d-433d-b62c-e37f0d82d87a,05ac36d3-598a-4491-93f4-95038a23677a,White 64
95117c51-7e72-4e3c-ae68-cdc7f6d90bd9,d1d5f718-206d-433d-b62c-e37f0d82d87a,05ac36d3-598a-4491-93f4-95038a23677a,Yellow 59
35c74803-ed85-4865-ac95-05083bbe39ce,d1d5f718-206d-433d-b62c-e37f0d82d87a,05ac36d3-598a-4491-93f4-95038a23677a,Blue 54
c04a7417-c81f-4ede-bd68-0497795860d5,d1d5f718-206d-433d-b62c-e37f0d82d87a,05ac36d3-598a-4491-93f4-95038a23677a,Red 51
1c59d976-0414-4f1f-873f-d912dfff3508,1c785d74-0489-433e-bbb0-3b7d4c6f28e4,5909caa5-9140-4754-a61c-77d0b3c3158d,White
9408b6d3-f45b-4dd2-a406-56a86277e578,1c785d74-0489-433e-bbb0-3b7d4c6f28e4,5909caa5-9140-4754-a61c-77d0b3c3158d,Yellow
48f72379-c7ac-4889-b7da-593478175535,1c785d74-0489-433e-bbb0-3b7d4c6f28e4,5909caa5-9140-4754-a61c-77d0b3c3158d,Blue
c648c8ca-2a54-4109-92ab-e311810048c8,1c785d74-0489-433e-bbb0-3b7d4c6f28e4,5909caa5-9140-4754-a61c-77d0b3c3158d,Red
61ef4560-7c27-4c01-a3e4-0081c6e1f147,d8ef380c-064a-470c-ad0d-1a945e8a3b6c,dc333ef0-9719-4769-a321-38355c01aff5,White
95c5849a-85c4-4647-a6e0-578ecaef857e,d8ef380c-064a-470c-ad0d-1a945e8a3b6c,dc333ef0-9719-4769-a321-38355c01aff5,Yellow
d3205249-2191-4e4f-a7b3-30b9eb2167e5,d8ef380c-064a-470c-ad0d-1a945e8a3b6c,dc333ef0-9719-4769-a321-38355c01aff5,Blue
b7a4cbbf-2d5f-4d90-bdbe-67c18e1c89cd,d8ef380c-064a-470c-ad0d-1a945e8a3b6c,dc333ef0-9719-4769-a321-38355c01aff5,Red
67cc9e06-7fb9-41aa-8f66-026260f132aa,6fd33c30-5a60-4f11-802d-144d76f67902,84351b51-bff7-48e2-a81f-d4947e2cd441,White
9fe7af5a-4640-4158-9cbf-e2fd58f23511,6fd33c30-5a60-4f11-802d-144d76f67902,84351b51-bff7-48e2-a81f-d4947e2cd441,Yellow
730c6b09-6fc0-46fb-8a90-7a37c0f9bd2a,6fd33c30-5a60-4f11-802d-144d76f67902,84351b51-bff7-48e2-a81f-d4947e2cd441,Blue
b8ebbe55-5dfa-4b20-bd82-4194b9f22e42,6fd33c30-5a60-4f11-802d-144d76f67902,84351b51-bff7-48e2-a81f-d4947e2cd441,Red
6121137e-eeec-4033-b370-f8fe2d2f233b,3d412649-b028-4bdf-b2a4-7f9d6a48c626,83941f2b-c10e-4e25-9ac6-853c1f7dcdd6,White
ec2991c4-5c29-4d64-a09b-02301cc764c2,3d412649-b028-4bdf-b2a4-7f9d6a48c626,83941f2b-c10e-4e25-9ac6-853c1f7dcdd6,Yellow
9dc56fad-b797-4557-9d9c-77c0ddfdef2c,3d412649-b028-4bdf-b2a4-7f9d6a48c626,83941f2b-c10e-4e25-9ac6-853c1f7dcdd6,Blue
42f37f2f-2945-4b77-b517-65be11bb7b02,3d412649-b028-4bdf-b2a4-7f9d6a48c626,83941f2b-c10e-4e25-9ac6-853c1f7dcdd6,Red
f96c5ef9-5191-45cb-9ec9-e56bf0323877,fc56036a-d794-455e-a63a-6430fc38c8bc,84086da2-1473-47b7-80c0-dad128d44ef5,White
d604483d-2419-44d5-95f8-25677f631e2c,fc56036a-d794-455e-a63a-6430fc38c8bc,84086da2-1473-47b7-80c0-dad128d44ef5,Yellow
4c0b4a0c-c790-4f2a-b77a-151b0ba42ae7,fc56036a-d794-455e-a63a-6430fc38c8bc,84086da2-1473-47b7-80c0-dad128d44ef5,Blue
03e49c40-0a1a-4c15-b2d0-3778f14cb2bd,fc56036a-d794-455e-a63a-6430fc38c8bc,84086da2-1473-47b7-80c0-dad128d44ef5,Red
ee940c5d-59f3-4af8-9c7c-ccb060a41a3d,156635ce-925f-4ebd-87de-5ff1bb8945ce,38f238cd-9c6b-4f5b-b744-f38625b4b63f,Yellow
284b9d34-567e-4fca-b8b4-004a48b89a16,156635ce-925f-4ebd-87de-5ff1bb8945ce,38f238cd-9c6b-4f5b-b744-f38625b4b63f,Red
d775fad9-9e08-4b48-9273-5ba5becf20be,3ad4a89e-7467-4894-b33d-d462928d82a3,64895b4a-abc5-4589-9629-590f4cc50b59,Yellow
922c2a53-540c-4ad5-b41f-975378895404,3ad4a89e-7467-4894-b33d-d462928d82a3,64895b4a-abc5-4589-9629-590f4cc50b59,Blue
9a1b2fec-6aca-4ee6-a800-917c491ebcd0,3ad4a89e-7467-4894-b33d-d462928d82a3,64895b4a-abc5-4589-9629-590f4cc50b59,Red
6c51b70d-6250-46ce-83c8-4e4736ce379f,fd5a30fb-c255-4b53-abc2-731ef86f0c87,9a14b1b8-e3e7-41ee-85eb-f30f1395361d,White
f680f761-3dac-4b9d-9471-c8a282d665f3,fd5a30fb-c255-4b53-abc2-731ef86f0c87,9a14b1b8-e3e7-41ee-85eb-f30f1395361d,Yellow
375f32f3-cdcb-42c0-a376-01345bd49ef3,fd5a30fb-c255-4b53-abc2-731ef86f0c87,9a14b1b8-e3e7-41ee-85eb-f30f1395361d,Blue
d68749aa-d5c0-4eb3-bd22-3ab7636af36f,fd5a30fb-c255-4b53-abc2-731ef86f0c87,9a14b1b8-e3e7-41ee-85eb-f30f1395361d,Red
c232d1e2-897d-4d4a-a029-387958cbab81,fd5a30fb-c255-4b53-abc2-731ef86f0c87,9a14b1b8-e3e7-41ee-85eb-f30f1395361d,Roses
241203f3-4923-4ab2-b74a-d497e5bbbb44,91038ed5-6dac-4218-8112-c81a13cf905e,9b0276ff-9540-4fd4-b820-096558582ade,White
4df59ca4-6f07-4dd8-bd13-6774674fb6d4,91038ed5-6dac-4218-8112-c81a13cf905e,9b0276ff-9540-4fd4-b820-096558582ade,Yellow
35f58a56-f050-4a8c-8b67-8b806f23f630,91038ed5-6dac-4218-8112-c81a13cf905e,9b0276ff-9540-4fd4-b820-096558582ade,Blue
d4beb065-6a33-4509-88fb-8afaa14a6a4d,91038ed5-6dac-4218-8112-c81a13cf905e,9b0276ff-9540-4fd4-b820-096558582ade,Red
